{
  "birthDate": {
    "data-type": "date-time",
    "source": "column",
    "source-column": "BIRTH_DATE"
  },
  "firstName": {
    "data-type": "string",
    "source": "column",
    "source-column": "FIRST_NAME"
  },
  "hispanicLatinoEthnicity": {
    "data-type": "boolean",
    "source": "column",
    "source-column": "HISPANIC"
  },
  "lastSurname": {
    "data-type": "string",
    "source": "column",
    "source-column": "LAST_NAME"
  },
  "sexType": {
    "data-type": "string",
    "source": "column",
    "source-column": "GENDER"
  },
  "studentUniqueId": {
    "data-type": "string",
    "source": "column",
    "source-column": "STUDENT_ID"
  }
}
