{
  "schoolReference": {
    "schoolId": {
      "data-type": "integer",
      "source": "column",
      "source-column": "SCHOOL_ID"
    }
  },
  "studentReference": {
    "studentUniqueId": {
      "data-type": "string",
      "source": "column",
      "source-column": "STUDENT_ID"
    }
  },
  "entryDate": {
    "data-type": "date-time",
    "source": "column",
    "source-column": "ENTRY_DATE"
  },
  "entryGradeLevelDescriptor": {
    "data-type": "string",
    "source": "column",
    "source-column": "GRADE"
  }
}