﻿SCHOOL_ID,STUDENT_ID,FIRST_NAME,LAST_NAME,GENDER,HISPANIC,BIRTH_DATE,GRADE,ENTRY_DATE
255901107,99000001,Ava,Taylor,Female,TRUE,1/4/2008,Fifth grade,8/30/2017
255901107,99000002,Megan,Young,Female,FALSE,1/5/2008,Fifth grade,8/30/2017
255901107,99000003,Jason,Churchill,Male,FALSE,1/6/2008,Fifth grade,8/30/2017
255901107,99000004,Jacob,Buckland,Male,FALSE,1/7/2008,Fifth grade,8/30/2017
255901107,99000005,Charles,Taylor,Male,FALSE,1/8/2008,Fifth grade,8/30/2017
255901107,99000006,Keith,Smith,Male,FALSE,1/9/2008,Fifth grade,8/30/2017
255901107,99000007,Maria,King,Female,FALSE,1/10/2008,Fifth grade,8/30/2017
255901107,99000008,Sebastian,Dickens,Male,FALSE,1/11/2008,Fifth grade,8/30/2017
255901107,99000009,Audrey,Paige,Female,FALSE,1/12/2008,Fifth grade,8/30/2017
255901107,99000010,Ryan,Jackson,Male,FALSE,1/13/2008,Fifth grade,8/30/2017
255901107,99000011,Ian,Clarkson,Male,FALSE,1/14/2008,Fifth grade,8/30/2017
255901107,99000012,Christopher,Hardacre,Male,TRUE,1/15/2008,Fifth grade,8/30/2017
255901107,99000013,Warren,Reid,Male,FALSE,1/16/2008,Fifth grade,8/30/2017
255901107,99000014,Leonard,Ince,Male,FALSE,1/17/2008,Fifth grade,8/30/2017
255901107,99000015,Jake,Skinner,Male,FALSE,1/18/2008,Fifth grade,8/30/2017
255901107,99000016,Kevin,Blake,Male,FALSE,1/19/2008,Fifth grade,8/30/2017
255901107,99000017,Virginia,Anderson,Female,FALSE,1/20/2008,Fifth grade,8/30/2017
255901107,99000018,Diane,Smith,Female,FALSE,1/21/2008,Fifth grade,8/30/2017
255901107,99000019,Neil,Martin,Male,FALSE,1/22/2008,Fifth grade,8/30/2017
255901107,99000020,Tim,Campbell,Male,TRUE,1/23/2008,Fifth grade,8/30/2017
